year,month,state,temperature,pressure,dew_point,humidity,wind_speed,gust,wind_chill,uv_index,feels_like_temperature,visibility,solar_radiation,pollutant_value,precipitation_rate,precipitation_total
2005,December,Sabah,28.23,1005.37,24.87,82.29,6.53,,28.23,,32.74,8.95,,48.13,,
2005,December,Sarawak,28.4,1007.55,23.73,76.18,7.82,,28.4,,31.98,8.95,,44.89,,
2005,November,Sabah,28.82,1005.76,25.08,80.47,7.18,,28.82,,34.05,8.9,,49.72,,
2005,November,Sarawak,28.55,1008.23,23.92,76.33,6.55,31.0,28.55,,32.38,8.88,,43.92,,
2005,October,Sabah,29.48,1006.17,25.44,79.06,8.44,,29.48,,35.45,8.92,,51.9,,
2005,October,Sarawak,28.89,1008.38,24.2,75.96,7.63,,28.89,,33.11,8.86,,39.88,,
2006,April,Sabah,29.13,1006.41,25.35,80.3,8.31,,29.13,,34.74,8.98,,50.59,,
2006,April,Sarawak,29.16,1007.8,24.16,74.72,8.26,,29.16,,33.52,8.88,,45.95,,
2006,August,Sabah,29.31,1006.15,24.97,77.51,10.98,,29.31,,34.66,8.85,,55.56,,
2006,August,Sarawak,30.36,1007.94,23.63,67.69,8.44,,30.36,,34.92,7.05,,66.93,,
2006,December,Sabah,29.84,1006.01,25.13,76.08,7.27,,29.84,,35.61,9.0,,54.92,,
2006,December,Sarawak,28.9,1007.8,24.63,77.95,7.97,,28.9,,33.56,8.95,,36.21,,
2006,February,Sabah,28.48,1007.54,24.72,80.48,7.78,,28.48,,32.93,8.87,,54.33,,
2006,February,Sarawak,28.67,1008.97,24.26,77.17,8.91,,28.67,,32.87,9.0,,42.65,,
2006,January,Sabah,28.75,1006.12,24.79,79.4,7.26,,28.75,,33.44,8.88,,52.95,,
2006,January,Sarawak,28.28,1008.09,23.9,77.31,9.23,,28.28,,32.02,8.89,,40.57,,
2006,July,Sabah,29.42,1006.53,24.95,77.07,8.73,,29.42,,34.93,8.93,,53.38,,
2006,July,Sarawak,29.97,1008.14,24.35,72.16,7.4,,29.97,,35.18,8.6,,52.31,,
2006,June,Sabah,29.16,1005.98,25.47,80.75,8.35,,29.16,,35.04,8.9,,49.98,,
2006,June,Sarawak,29.75,1007.94,23.96,71.23,7.53,,29.75,,34.25,9.0,,43.91,,
2006,March,Sabah,29.3,1006.14,24.68,76.55,7.92,,29.3,,34.22,8.9,,53.72,,
2006,March,Sarawak,29.28,1007.94,23.93,73.07,8.93,,29.28,,33.57,8.92,,46.59,,
2006,May,Sabah,29.51,1006.48,25.9,81.08,7.23,,29.51,,36.21,8.98,,47.74,,
2006,May,Sarawak,29.34,1008.32,24.37,74.83,7.92,,29.34,,34.03,9.0,,44.22,,
2006,November,Sabah,29.8,1006.41,25.55,78.13,8.22,35.0,29.8,,36.22,7.57,,57.47,,
2006,November,Sarawak,29.17,1008.25,24.23,74.87,8.22,,29.17,,33.63,8.43,,43.4,,
2006,October,Sabah,29.1,1007.43,25.37,80.61,7.94,,29.1,,34.65,6.05,,70.77,,
2006,October,Sarawak,28.95,1009.69,24.21,75.74,6.56,,28.95,,33.21,5.51,,63.81,,
2006,September,Sabah,29.41,1006.83,24.97,77.05,9.76,43.0,29.41,,34.86,8.75,,54.73,,
2006,September,Sarawak,28.93,1008.8,23.98,75.09,7.67,,28.93,,32.96,7.37,,55.63,,
2007,April,Sabah,29.9,1006.67,25.73,78.63,8.12,,29.9,,36.58,8.95,,52.82,,
2007,April,Sarawak,29.58,1008.37,24.27,73.28,9.15,,29.58,,34.32,8.92,,40.25,,
2007,August,Sabah,28.94,1006.11,24.82,78.66,9.5,,28.94,,33.79,8.95,,53.47,,
2007,August,Sarawak,29.71,1007.71,23.73,70.65,8.5,43.0,29.71,,34.0,8.89,,56.58,,
2007,December,Sabah,29.1,1004.87,25.02,78.9,6.84,,29.1,,34.31,8.92,,49.15,,
2007,December,Sarawak,28.37,1006.62,24.17,78.17,8.44,,28.37,,32.27,8.71,,38.1,,
2007,February,Sabah,29.68,1007.39,26.16,81.59,10.46,,29.68,,36.56,8.73,,55.59,,
2007,February,Sarawak,28.62,1009.36,23.8,75.34,10.29,,28.62,,32.43,8.88,,33.82,,
2007,January,Sabah,28.35,1007.24,25.18,83.19,7.92,,28.35,,33.21,8.73,,53.15,,
2007,January,Sarawak,27.9,1009.14,24.13,80.37,8.38,,27.9,,31.45,8.6,,34.03,,
2007,July,Sabah,28.29,1006.37,25.6,85.61,8.32,,28.29,,33.4,8.9,,53.19,,
2007,July,Sarawak,29.66,1007.61,24.06,72.19,8.39,,29.66,,34.29,8.69,,54.55,,
2007,June,Sabah,29.32,1004.86,25.43,79.92,7.3,,29.32,,35.1,8.98,,51.82,,
2007,June,Sarawak,29.09,1006.61,24.21,75.26,8.5,41.0,29.09,,33.47,8.86,,47.29,,
2007,March,Sabah,29.62,1006.89,25.15,77.21,10.03,,29.62,,35.36,8.82,,52.48,,
2007,March,Sarawak,29.6,1008.35,23.95,71.83,8.87,,29.6,,34.08,8.87,,41.55,,
2007,May,Sabah,29.9,1006.35,25.66,78.11,9.03,,29.9,,36.48,8.98,,49.82,,
2007,May,Sarawak,30.08,1008.05,24.42,72.0,8.3,,30.08,,35.26,8.85,,43.98,,
2007,November,Sabah,29.14,1004.88,25.19,79.56,7.53,,29.14,,34.53,8.81,,55.69,,
2007,November,Sarawak,28.1,1007.97,23.73,77.57,8.63,,28.1,,31.43,8.68,,49.8,,
2007,October,Sabah,29.26,1005.55,24.89,77.55,8.21,,29.26,,34.45,8.76,,56.66,,
2007,October,Sarawak,29.08,1007.72,24.02,74.45,8.42,,29.08,,33.29,8.85,,50.56,,
2007,September,Sabah,28.95,1005.55,24.87,78.85,8.95,,28.95,,33.85,8.88,,56.55,,
2007,September,Sarawak,28.6,1007.77,24.15,77.15,8.0,,28.6,,32.67,8.88,,52.27,,
2008,April,Sabah,29.36,1005.41,24.28,74.33,7.67,,29.36,,34.0,8.95,,40.17,,
2008,April,Sarawak,29.36,1007.11,24.09,73.43,8.16,,29.36,,33.76,8.86,,51.93,,
2008,August,Sabah,29.09,1006.45,24.05,74.4,8.41,,29.09,,33.45,8.95,,36.21,,
2008,August,Sarawak,29.75,1007.72,24.14,72.02,7.49,,29.75,,34.39,8.95,,48.19,,
2008,December,Sabah,29.18,1005.43,24.43,75.65,6.55,,29.18,,33.9,8.9,,36.82,,
2008,December,Sarawak,28.22,1007.0,24.28,79.54,7.28,,28.22,,32.08,8.98,,42.14,,
2008,February,Sabah,29.12,1005.84,23.81,73.26,8.0,,29.12,,33.23,8.93,,42.65,,
2008,February,Sarawak,27.74,1008.45,23.63,78.58,9.37,,27.74,,30.88,8.96,,43.02,,
2008,January,Sabah,29.19,1006.21,24.48,75.97,7.76,,29.19,,33.85,8.94,,42.58,,
2008,January,Sarawak,28.45,1008.13,23.94,76.82,7.52,,28.45,,32.21,8.85,,44.26,,
2008,July,Sabah,28.98,1006.25,24.17,75.31,8.81,,28.98,,33.37,9.0,,34.14,,
2008,July,Sarawak,28.98,1007.99,23.8,74.06,8.87,,28.98,,32.96,8.72,,45.98,,
2008,June,Sabah,28.5,1006.64,24.3,78.43,8.05,,28.5,,32.53,8.8,,38.92,,
2008,June,Sarawak,29.23,1008.11,24.04,73.96,7.95,,29.23,,33.55,8.84,,53.39,,
2008,March,Sabah,28.89,1006.18,24.48,77.28,7.07,,28.89,,33.38,8.92,,42.82,,
2008,March,Sarawak,28.59,1007.84,23.93,76.03,8.67,39.0,28.59,,32.56,9.0,,38.85,,
2008,May,Sabah,29.34,1005.71,24.59,75.69,8.32,,29.34,,34.31,9.0,,39.36,,
2008,May,Sarawak,30.04,1007.56,23.96,70.13,7.73,,30.04,,34.8,8.85,,57.11,,
2008,November,Sabah,29.49,1005.71,24.57,75.06,7.8,,29.49,,34.49,8.86,,36.61,,
2008,November,Sarawak,29.29,1007.52,24.22,74.37,7.8,,29.29,,33.71,8.98,,42.63,,
2008,October,Sabah,29.85,1006.74,25.07,75.63,8.59,,29.85,,35.41,8.8,,36.22,,
2008,October,Sarawak,29.1,1008.69,23.88,73.8,7.88,,29.1,,33.29,8.94,,39.1,,
2008,September,Sabah,29.45,1006.23,24.43,74.47,8.96,,29.45,,34.28,8.98,,35.64,,
2008,September,Sarawak,29.36,1008.22,23.87,72.55,7.84,,29.36,,33.67,8.98,,45.18,,
2009,April,Sabah,29.22,1005.8,24.59,76.43,7.94,,29.22,,34.19,8.87,,34.24,,
2009,April,Sarawak,30.05,1007.66,24.56,72.63,8.28,,30.05,,35.42,9.0,,43.07,,
2009,August,Sabah,28.88,1006.12,23.96,75.32,8.78,,28.88,,33.01,8.48,,47.51,,
2009,August,Sarawak,28.18,1008.0,23.57,77.38,7.42,,28.18,,31.44,7.37,,54.56,,
2009,December,Sabah,28.16,1007.38,23.62,77.1,7.66,,28.16,,31.49,8.93,,40.42,,
2009,December,Sarawak,27.48,1009.07,23.96,81.74,7.29,30.0,27.48,,30.7,8.62,,39.22,,
2009,February,Sabah,28.54,1005.8,23.96,76.48,7.06,,28.54,,32.41,8.85,,36.65,,
2009,February,Sarawak,28.62,1007.91,23.94,75.91,8.49,,28.62,,32.57,8.75,,47.51,,
2009,January,Sabah,28.27,1006.37,24.16,78.76,6.91,30.0,28.27,,32.11,8.71,,34.04,,
2009,January,Sarawak,27.1,1008.69,23.97,83.42,8.17,,27.1,,29.85,8.47,,38.59,,
2009,July,Sabah,29.69,1006.08,23.91,71.16,9.66,,29.69,,34.14,8.86,,37.79,,
2009,July,Sarawak,29.97,1007.97,23.52,68.72,8.05,,29.97,,34.12,8.85,,54.82,,
2009,June,Sabah,30.28,1006.43,24.21,69.86,9.88,,30.28,,35.42,8.98,,31.77,,
2009,June,Sarawak,30.45,1008.12,24.05,68.95,8.31,,30.45,,35.41,8.98,,51.34,,
2009,March,Sabah,29.28,1006.61,24.05,73.53,7.19,,29.28,,33.61,8.88,,37.14,,
2009,March,Sarawak,29.31,1008.56,23.64,71.83,8.43,,29.31,,33.34,9.0,,45.31,,
2009,May,Sabah,29.47,1005.63,25.15,77.76,8.13,,29.47,,35.11,8.96,,30.25,,
2009,May,Sarawak,30.45,1007.19,24.43,70.52,7.48,,30.45,,35.84,8.84,,49.5,,
2009,November,Sabah,27.96,1006.05,24.07,80.01,6.0,,27.96,,31.39,8.94,,39.12,,
2009,November,Sarawak,27.59,1007.88,24.21,82.62,7.0,,27.59,,30.9,8.58,,39.98,,
2009,October,Sabah,27.62,1007.13,24.23,82.38,7.05,,27.62,,31.12,8.7,,42.58,,
2009,October,Sarawak,27.65,1009.36,23.46,79.11,7.24,,27.65,,30.4,8.64,,42.56,,
2009,September,Sabah,28.22,1006.36,24.22,79.58,8.62,,28.22,,32.13,6.83,,55.93,,
2009,September,Sarawak,28.06,1008.42,24.13,80.1,7.49,41.0,28.06,,31.78,5.95,,58.11,,
2010,April,Sabah,29.11,1007.5,24.53,77.02,8.19,,29.11,,33.78,8.98,,42.37,,
2010,April,Sarawak,28.58,1009.09,24.82,80.92,7.7,,28.58,,32.94,8.71,,43.53,,
2010,August,Sabah,27.79,1006.7,23.95,80.22,6.96,,27.79,,31.19,8.91,,35.08,,
2010,August,Sarawak,27.5,1008.48,23.95,81.85,7.6,41.0,27.5,,30.64,8.81,,39.29,,
2010,December,Sabah,27.38,1004.24,23.54,80.24,5.72,,27.38,,30.25,9.0,,35.04,,
2010,December,Sarawak,27.0,1006.18,23.48,81.83,6.72,,27.0,,29.57,8.84,,36.82,,
2010,February,Sabah,28.45,1008.78,23.19,74.04,10.07,,28.45,,31.81,9.0,,39.58,,
2010,February,Sarawak,28.19,1009.8,24.44,80.74,7.87,,28.19,,31.96,8.45,,45.45,,
2010,January,Sabah,27.76,1007.95,23.46,78.16,8.43,,27.76,,30.76,8.87,,40.03,,
2010,January,Sarawak,27.06,1009.96,24.01,84.1,7.17,,27.06,,29.88,8.61,,39.94,,
2010,July,Sabah,27.42,1006.84,23.9,81.72,6.63,,27.42,,30.64,8.85,,37.88,,
2010,July,Sarawak,27.2,1008.45,24.01,83.43,6.74,30.0,27.2,,30.16,8.8,,38.33,,
2010,June,Sabah,28.58,1006.88,24.26,78.15,6.6,,28.58,,32.56,9.0,,36.83,,
2010,June,Sarawak,27.89,1008.57,24.2,81.18,6.69,,27.89,,31.25,8.77,,37.26,,
2010,March,Sabah,29.22,1007.99,23.35,72.07,11.26,35.0,29.22,,32.82,9.0,,40.52,,
2010,March,Sarawak,28.26,1009.52,24.65,81.38,7.24,,28.26,,32.23,7.92,,48.91,,
2010,May,Sabah,29.01,1005.82,24.9,79.15,7.32,,29.01,,33.82,8.94,,33.54,,
2010,May,Sarawak,28.7,1007.16,24.92,80.78,7.28,,28.7,,33.14,8.79,,43.1,,
2010,November,Sabah,28.18,1005.86,24.23,79.72,6.21,,28.18,,31.99,8.99,,35.43,,
2010,November,Sarawak,27.36,1007.66,23.81,81.79,7.06,,27.36,,30.27,8.63,,37.48,,
2010,October,Sabah,27.89,1005.86,24.07,80.38,6.78,,27.89,,31.42,8.96,,40.46,,
2010,October,Sarawak,27.59,1007.69,23.88,81.03,6.98,,27.59,,30.75,8.77,,43.03,,
2010,September,Sabah,27.34,1006.79,24.03,82.7,6.61,,27.34,,30.38,8.92,,37.06,,
2010,September,Sarawak,26.98,1008.61,23.82,83.62,7.71,,26.98,,29.58,8.38,,36.45,,
2011,April,Sabah,27.64,1006.47,24.05,81.28,6.61,,27.64,,31.06,9.0,,35.4,,
2011,April,Sarawak,27.45,1008.36,24.3,83.64,7.63,,27.45,,30.68,8.78,,40.61,,
2011,August,Sabah,27.74,1006.45,23.55,78.65,7.47,,27.74,,30.93,8.97,,37.61,,
2011,August,Sarawak,27.76,1008.5,24.43,82.93,7.8,44.0,27.76,,31.51,8.16,,58.78,,
2011,December,Sabah,27.79,1005.38,24.39,82.18,6.49,,27.79,,31.64,8.89,,38.07,,
2011,December,Sarawak,27.26,1007.08,24.23,84.06,6.99,,27.26,,30.53,8.9,,37.92,,
2011,February,Sabah,27.26,1006.06,23.44,80.23,7.49,,27.26,,30.12,8.84,,32.22,,
2011,February,Sarawak,26.6,1008.04,23.62,84.36,7.19,,26.6,,29.03,8.45,,38.56,,
2011,January,Sabah,27.18,1005.23,23.72,82.0,6.64,,27.18,,30.28,8.94,,33.72,,
2011,January,Sarawak,26.79,1007.14,23.6,83.3,6.94,,26.79,,29.33,8.71,,36.73,,
2011,July,Sabah,27.91,1006.1,23.82,79.14,8.63,,27.91,,31.21,8.98,,38.2,,
2011,July,Sarawak,28.07,1008.12,24.58,82.11,7.02,,28.07,,31.93,8.16,,62.33,,
2011,June,Sabah,27.84,1006.18,24.64,83.22,7.24,,27.84,,31.98,8.98,,33.47,,
2011,June,Sarawak,27.62,1007.88,24.76,85.21,6.55,,27.62,,31.45,8.4,,42.71,,
2011,March,Sabah,26.71,1005.98,23.69,83.96,6.25,,26.71,,29.36,8.99,,37.31,,
2011,March,Sarawak,26.99,1007.73,23.75,83.2,7.24,54.0,26.99,,29.78,8.73,,37.08,,
2011,May,Sabah,27.93,1006.3,24.63,82.66,6.22,,27.93,,32.0,8.92,,32.04,,
2011,May,Sarawak,28.06,1008.15,24.46,81.69,7.17,,28.06,,31.83,8.93,,49.94,,
2011,November,Sabah,27.84,1005.61,24.3,81.6,5.97,,27.84,,31.63,9.0,,41.69,,
2011,November,Sarawak,27.47,1007.06,24.04,82.31,6.89,,27.47,,30.6,8.86,,42.44,,
2011,October,Sabah,27.82,1006.74,24.07,80.64,7.67,,27.82,,31.46,8.86,,39.22,,
2011,October,Sarawak,27.47,1008.16,24.27,83.38,6.72,,27.47,,30.83,8.5,,46.38,,
2011,September,Sabah,28.45,1006.98,23.64,75.81,8.4,,28.45,,32.05,8.87,,39.8,,
2011,September,Sarawak,27.86,1009.17,24.25,81.57,6.9,,27.86,,31.44,8.49,,46.07,,
2012,April,Sabah,27.78,1006.52,23.9,79.97,6.64,,27.78,,31.22,9.0,,34.02,,
2012,April,Sarawak,27.88,1007.65,24.78,83.86,7.17,,27.88,,31.78,8.9,,35.63,,
2012,August,Sabah,28.4,1006.72,23.13,73.79,8.82,,28.4,,31.56,9.0,,32.46,,
2012,August,Sarawak,27.61,1008.78,24.24,82.84,6.84,,27.61,,31.24,8.03,,46.82,,
2012,December,Sabah,27.68,1005.94,23.46,78.55,6.64,,27.68,,30.62,8.95,,37.88,,
2012,December,Sarawak,27.95,1007.15,24.66,83.01,6.6,,27.95,,31.98,8.57,,33.99,,
2012,December,Terengganu,26.93,1008.24,24.83,88.61,8.59,35.0,26.93,0.0,30.19,8.54,,44.42,,
2012,February,Sabah,27.43,1006.05,23.37,79.06,7.05,,27.43,,30.38,8.98,,38.7,,
2012,February,Sarawak,27.07,1007.51,23.8,83.06,7.09,,27.07,,29.95,8.72,,31.48,,
2012,January,Sabah,27.22,1006.46,23.74,81.77,6.41,,27.22,,30.39,8.92,,39.9,,
2012,January,Sarawak,27.02,1007.31,24.11,84.67,6.52,39.0,27.02,,30.09,8.88,,35.77,,
2012,July,Sabah,27.61,1006.02,23.09,76.93,8.08,,27.61,,30.4,8.98,,29.02,,
2012,July,Sarawak,27.67,1007.83,24.36,82.9,7.24,24.0,27.67,,31.16,8.6,,38.64,,
2012,June,Sabah,27.95,1006.77,23.57,77.55,8.14,,27.95,,31.27,8.96,,33.77,,
2012,June,Sarawak,28.63,1008.38,24.12,78.02,6.75,,28.63,,32.53,8.12,,57.63,,
2012,March,Sabah,26.9,1004.47,23.43,82.1,5.47,,26.9,,29.43,8.86,,35.86,,
2012,March,Sarawak,26.92,1005.52,23.69,83.08,6.77,,26.92,,29.62,8.65,,32.85,,
2012,May,Sabah,28.16,1006.53,24.4,80.52,7.29,,28.16,,32.24,9.0,,33.28,,
2012,May,Sarawak,28.0,1008.02,24.28,81.38,7.07,,28.0,,31.39,8.72,,46.86,,
2012,November,Sabah,27.58,1006.68,23.66,79.85,6.07,,27.58,,30.66,8.89,,33.09,,
2012,November,Sarawak,27.71,1008.05,24.45,83.22,6.66,,27.71,,31.14,8.78,,29.23,,
2012,November,Terengganu,27.64,1008.42,24.45,83.36,6.75,,27.64,0.0,31.09,8.93,,44.97,,
2012,October,Sabah,27.92,1006.75,23.52,77.59,6.93,,27.92,,31.23,9.0,,38.29,,
2012,October,Sarawak,27.6,1008.55,24.36,83.26,6.75,,27.6,,31.05,8.0,,40.52,,
2012,October,Terengganu,27.29,1008.89,24.07,83.33,7.25,,27.29,,30.34,8.86,,49.9,,
2012,September,Sabah,28.02,1006.93,23.43,76.67,7.46,,28.02,,31.23,8.95,,40.1,,
2012,September,Sarawak,28.12,1008.82,24.31,80.56,7.07,,28.12,,31.94,7.38,,47.88,,
2012,September,Terengganu,27.21,1008.76,24.01,83.56,8.87,,27.21,0.0,30.35,8.86,,59.21,,
2013,April,Sabah,28.24,1006.21,23.91,77.92,7.08,,28.24,,31.82,9.0,,31.17,,
2013,April,Sarawak,28.35,1007.8,25.0,83.0,7.17,,28.35,,32.65,8.72,,38.21,,
2013,April,Terengganu,28.76,1007.51,25.34,82.49,7.09,,28.76,0.0,33.79,8.93,,45.0,,
2013,August,Sabah,26.21,1006.7,23.45,85.37,7.39,39.0,26.21,0.0,28.41,8.94,,32.96,,
2013,August,Sarawak,27.16,1008.42,24.11,84.42,6.84,42.0,27.16,0.0,30.12,8.74,,39.14,,
2013,August,Terengganu,28.85,1007.91,24.63,78.41,11.58,39.0,28.85,0.0,33.49,8.96,,58.19,,
2013,December,Sabah,26.88,1005.3,24.18,85.74,6.59,,26.88,0.0,29.59,8.97,,28.26,,
2013,December,Sarawak,26.54,1007.64,24.59,89.62,6.42,,26.54,0.0,28.99,8.54,,21.87,,
2013,December,Terengganu,26.63,1009.32,23.85,85.25,11.16,42.0,26.63,0.0,28.93,7.76,,36.71,,
2013,February,Sabah,27.32,1006.4,23.2,78.95,7.88,,27.32,,29.9,8.95,,37.06,,
2013,February,Sarawak,27.32,1007.41,24.28,84.18,7.51,,27.32,,30.55,8.62,,33.24,,
2013,February,Terengganu,26.6,1008.76,23.99,86.08,10.09,,26.6,0.0,28.87,8.58,,47.0,,
2013,January,Sabah,27.3,1007.1,23.42,79.86,7.8,,27.3,,30.12,8.98,,37.75,,
2013,January,Sarawak,27.38,1008.96,24.22,83.66,7.53,,27.38,,30.57,8.67,,38.71,,
2013,January,Terengganu,26.58,1010.82,23.42,83.47,9.87,33.0,26.58,0.0,28.63,8.75,,49.97,,
2013,July,Sabah,26.58,1005.85,23.25,82.63,6.87,,26.58,0.0,28.74,8.98,,31.55,,
2013,July,Sarawak,27.42,1007.89,24.23,83.77,6.83,,27.42,0.0,30.48,8.68,,40.84,,
2013,July,Terengganu,28.9,1007.19,24.64,78.29,9.33,,28.9,0.0,33.51,8.73,,57.67,,
2013,June,Sabah,27.35,1006.52,23.36,79.46,7.21,,27.35,0.0,30.12,8.94,,35.39,,
2013,June,Sarawak,28.08,1008.33,24.65,82.32,6.79,52.0,28.08,0.0,32.09,8.21,,50.97,,
2013,June,Terengganu,29.48,1007.48,25.1,78.18,8.43,39.0,29.48,0.0,34.89,7.07,,81.36,,
2013,March,Sabah,28.35,1007.29,23.57,76.11,7.44,,28.35,,31.78,9.0,,36.42,,
2013,March,Sarawak,28.08,1009.18,24.39,81.28,7.45,,28.08,,31.73,8.64,,41.66,,
2013,March,Terengganu,28.02,1009.7,24.38,81.35,7.99,,28.02,0.0,31.86,8.93,,48.78,,
2013,May,Sabah,28.11,1006.35,23.8,78.01,6.55,,28.11,,31.63,9.0,,31.1,,
2013,May,Sarawak,28.51,1007.88,25.33,83.69,6.73,,28.51,,33.29,8.93,,39.66,,
2013,May,Terengganu,28.65,1007.41,25.29,82.79,8.53,,28.65,,33.71,8.9,,45.45,,
2013,November,Sabah,26.69,1005.53,24.35,87.57,6.78,52.0,26.69,0.0,29.36,8.95,,30.98,,
2013,November,Sarawak,26.73,1007.72,24.39,87.7,6.43,,26.73,0.0,29.26,8.73,,32.61,,
2013,November,Terengganu,27.58,1008.01,24.47,83.73,8.18,33.5,27.58,0.0,31.02,8.5,,35.24,,
2013,October,Sabah,26.83,1006.85,24.47,87.47,7.03,42.0,26.83,0.0,29.78,8.97,,36.73,,
2013,October,Sarawak,26.75,1009.47,23.95,85.51,6.68,33.0,26.75,0.0,29.18,8.69,,37.29,,
2013,October,Terengganu,28.33,1009.33,24.63,80.91,8.81,,28.33,0.0,32.48,8.87,,45.43,,
2013,September,Sabah,27.06,1006.14,24.39,85.93,8.17,44.0,27.06,0.0,30.23,8.99,,31.36,,
2013,September,Sarawak,26.69,1008.51,24.15,86.69,6.61,39.33,26.69,0.0,29.19,8.76,,35.48,,
2013,September,Terengganu,28.76,1008.07,24.42,78.16,10.6,48.0,28.76,0.0,32.94,8.83,,53.36,,
2014,April,Sabah,27.45,1006.5,23.61,80.41,7.73,,27.45,2.22,30.32,8.98,,29.14,,
2014,April,Sarawak,27.12,1008.71,24.38,85.88,6.28,43.0,27.12,2.13,29.95,8.77,,37.6,,
2014,April,Terengganu,30.02,1008.79,23.91,70.45,9.12,37.0,30.02,4.09,34.51,8.96,,56.62,,
2014,August,Sabah,26.65,1007.32,23.32,82.66,7.45,,26.65,2.19,29.03,8.99,,27.98,,
2014,August,Sarawak,26.21,1009.4,23.73,87.12,4.87,42.0,26.21,2.15,28.22,8.7,,37.16,,
2014,August,Terengganu,29.34,1008.75,24.3,75.03,12.22,31.0,29.34,4.08,33.73,8.93,,47.45,,
2014,December,Sabah,26.87,1006.22,23.89,84.34,6.01,,26.87,1.83,29.62,8.95,,31.43,,
2014,December,Sarawak,26.33,1008.79,24.07,88.23,5.9,,26.33,1.93,28.55,8.62,,36.4,,
2014,December,Terengganu,27.39,1009.34,24.17,83.32,10.72,37.31,27.39,3.2,30.44,8.13,,41.04,,
2014,February,Sabah,26.8,1007.18,21.92,75.61,8.42,,26.8,0.0,28.62,8.98,,29.22,,
2014,February,Sarawak,26.35,1009.35,23.71,86.17,7.17,,26.35,0.0,28.49,8.68,,36.01,,
2014,February,Terengganu,27.01,1010.41,22.19,75.89,10.71,33.0,27.01,0.0,29.1,8.8,,45.83,,
2014,January,Sabah,26.06,1007.24,22.16,79.84,7.89,30.0,26.06,0.0,27.54,8.99,,29.6,,
2014,January,Sarawak,25.39,1010.31,23.37,89.16,6.89,37.0,25.39,0.0,26.81,8.41,,26.81,,
2014,January,Terengganu,26.13,1011.92,21.97,78.55,13.27,36.6,26.13,0.0,27.61,8.6,,47.88,,
2014,July,Sabah,26.8,1006.54,23.45,82.59,8.04,48.0,26.8,1.96,29.25,8.95,,27.62,,
2014,July,Sarawak,26.96,1008.49,24.3,86.28,5.02,34.33,26.96,1.86,29.89,7.92,,49.18,,
2014,July,Terengganu,29.21,1007.83,25.31,80.16,11.78,41.5,29.21,3.64,34.65,8.85,,51.37,,
2014,June,Sabah,27.34,1005.61,24.12,83.35,7.54,42.25,27.34,1.94,30.41,8.99,,26.95,,
2014,June,Sarawak,27.77,1007.38,24.71,84.37,5.62,32.5,27.77,1.81,31.41,8.85,,38.79,,
2014,June,Terengganu,29.97,1006.7,25.22,76.38,12.99,42.5,29.97,3.67,35.84,8.75,,51.49,,
2014,March,Sabah,27.43,1007.45,22.39,75.54,9.0,,27.43,1.79,29.52,8.97,,31.56,,
2014,March,Sarawak,27.09,1009.45,24.21,85.04,7.32,,27.09,1.59,29.93,8.12,,35.91,,
2014,March,Terengganu,28.08,1010.44,22.97,74.69,10.71,30.0,28.08,3.95,31.1,8.92,,52.31,,
2014,May,Sabah,27.61,1006.43,23.82,80.73,7.99,,27.61,2.05,30.63,8.99,,26.49,,
2014,May,Sarawak,27.53,1008.19,24.73,85.55,6.18,33.0,27.53,1.98,30.84,8.87,,34.89,,
2014,May,Terengganu,29.96,1007.96,24.61,73.76,9.2,74.0,29.96,3.77,35.06,8.96,,55.97,,
2014,November,Sabah,26.93,1006.38,24.11,85.15,6.06,85.0,26.93,1.98,29.8,8.96,,28.25,,
2014,November,Sarawak,26.38,1008.74,24.32,89.1,6.11,,26.38,1.97,28.67,8.67,,39.97,,
2014,November,Terengganu,27.63,1009.13,24.56,84.18,8.46,,27.63,3.6,31.04,8.07,,38.1,,
2014,October,Sabah,27.16,1006.7,23.63,81.87,7.06,,27.16,2.24,29.91,8.7,,37.36,,
2014,October,Sarawak,26.38,1009.31,23.97,87.51,6.21,39.5,26.38,2.25,28.62,8.49,,40.97,,
2014,October,Terengganu,28.77,1009.09,24.49,78.4,7.99,31.0,28.77,4.12,33.0,8.56,,52.93,,
2014,September,Sabah,26.83,1007.27,23.34,82.03,7.5,33.33,26.83,2.22,29.21,8.97,,33.52,,
2014,September,Sarawak,26.86,1009.36,23.99,85.14,5.96,42.5,26.86,2.22,29.41,8.69,,47.63,,
2014,September,Terengganu,29.46,1009.04,24.27,74.49,10.98,37.5,29.46,4.07,33.92,8.7,,63.08,,
2015,April,Sabah,27.61,1006.97,24.31,82.96,7.17,40.0,27.61,2.28,30.99,8.95,,28.92,,
2015,April,Sarawak,27.4,1008.99,24.79,86.53,6.1,,27.4,2.17,30.59,8.78,,44.41,,
2015,April,Terengganu,29.37,1008.72,24.75,76.87,7.88,35.0,29.37,4.07,34.23,8.96,,46.39,,
2015,August,Sabah,24.94,1008.18,23.84,93.58,4.0,,24.94,0.0,25.42,8.42,,49.58,,
2015,August,Sarawak,24.81,1010.5,24.06,95.61,4.9,,24.81,0.0,25.45,8.71,,51.84,,
2015,December,Sabah,25.32,1008.51,23.97,92.26,3.87,,25.32,0.0,26.32,9.0,,32.32,,
2015,December,Sarawak,25.61,1010.59,24.77,95.0,4.97,,25.61,0.0,27.1,8.42,,43.39,,
2015,February,Sabah,26.97,1008.25,22.84,78.75,8.12,,26.97,2.13,29.34,9.0,,28.76,,
2015,February,Sarawak,26.0,1010.38,23.82,88.41,6.66,35.0,26.0,2.17,27.95,8.53,,35.69,,
2015,February,Terengganu,26.7,1011.1,22.16,76.85,10.23,,26.7,3.88,28.51,8.88,,49.68,,
2015,January,Sabah,26.33,1007.71,23.38,84.25,6.44,,26.33,1.95,28.57,8.93,,30.6,,
2015,January,Sarawak,25.34,1009.88,23.72,91.32,6.14,32.25,25.34,1.92,26.78,8.38,,28.46,,
2015,January,Terengganu,26.54,1011.77,22.56,79.63,11.23,32.0,26.54,3.58,28.28,8.63,,52.61,,
2015,July,Sabah,25.17,1007.73,24.08,93.67,5.29,,25.17,0.0,26.12,8.88,,37.67,,
2015,July,Sarawak,25.55,1009.92,24.39,93.29,3.77,,25.55,0.0,27.1,8.87,,57.55,,
2015,June,Sabah,27.4,1006.43,24.73,86.09,6.28,,27.4,1.83,30.71,8.94,,27.91,,
2015,June,Sarawak,27.11,1008.23,25.1,89.31,5.86,,27.11,1.59,30.31,8.78,,41.93,,
2015,June,Terengganu,29.93,1006.92,24.93,75.25,7.21,,29.93,3.45,35.51,8.93,,53.31,,
2015,March,Sabah,27.15,1008.7,22.62,77.35,7.88,32.0,27.15,2.3,29.33,8.99,,33.51,,
2015,March,Sarawak,26.67,1010.57,24.09,86.64,6.69,,26.67,2.27,29.11,8.61,,50.5,,
2015,March,Terengganu,28.24,1010.5,23.45,76.0,9.4,,28.24,4.22,31.56,8.89,,49.55,,
2015,May,Sabah,27.4,1007.45,25.06,87.61,6.58,,27.4,2.01,31.15,8.95,,25.55,,
2015,May,Sarawak,27.64,1009.33,24.74,85.12,6.04,,27.64,1.9,31.13,8.84,,49.11,,
2015,May,Terengganu,29.88,1008.09,25.38,77.38,8.54,33.0,29.88,3.79,35.91,8.9,,45.22,,
2015,November,Sabah,24.73,1007.64,23.83,94.67,3.23,,24.73,0.0,24.9,9.0,,34.13,,
2015,November,Sarawak,25.47,1009.57,24.8,96.03,4.37,,25.47,0.0,26.63,8.31,,36.77,,
2015,October,Sabah,25.19,1008.92,24.1,93.55,3.61,,25.19,0.0,26.06,6.93,,68.1,,
2015,October,Sarawak,25.52,1011.08,24.58,94.48,5.61,,25.52,0.0,26.94,6.45,,60.1,,
2015,September,Sabah,25.24,1008.47,24.14,93.55,4.07,,25.24,0.0,26.07,6.66,,68.79,,
2015,September,Sarawak,25.4,1010.37,24.73,96.0,4.53,,25.4,0.0,26.6,4.93,,71.5,,
2016,April,Sabah,25.5,1008.37,24.13,92.17,5.17,,25.5,0.0,26.6,9.0,,26.33,,
2016,April,Sarawak,26.4,1009.8,25.53,94.83,4.77,,26.4,0.0,29.2,9.0,,48.7,,
2016,April,Terengganu,25.0,1008.4,24.0,94.0,0.0,,25.0,0.0,25.0,9.0,,53.0,,
2016,August,Sabah,25.16,1007.09,23.71,91.77,5.06,,25.16,0.0,26.0,8.9,,33.81,,
2016,August,Sarawak,25.45,1009.3,24.58,94.9,4.71,,25.45,0.0,27.23,8.71,,42.84,,
2016,December,Sabah,25.03,1007.03,24.13,94.74,4.03,,25.03,0.0,25.65,8.87,,33.0,,
2016,December,Sarawak,25.06,1008.82,24.29,95.48,5.94,,25.06,0.0,25.94,8.74,,44.94,,
2016,February,Sabah,25.38,1009.6,23.03,86.93,5.0,,25.38,0.0,26.59,9.0,,27.86,,
2016,February,Sarawak,26.48,1011.23,25.07,91.93,5.45,,26.48,0.0,29.38,8.93,,30.03,,
2016,January,Sabah,25.03,1009.76,23.29,90.16,4.97,,25.03,0.0,25.77,9.0,,28.19,,
2016,January,Sarawak,26.19,1011.17,25.19,94.13,4.48,,26.19,0.0,28.71,8.9,,30.77,,
2016,July,Sabah,24.94,1007.86,23.52,91.87,4.29,,24.94,0.0,25.55,8.74,,22.48,,
2016,July,Sarawak,25.06,1009.85,24.13,94.55,5.77,,25.06,0.0,25.97,8.58,,38.26,,
2016,June,Sabah,25.0,1008.4,24.1,94.63,3.13,,25.0,0.0,25.4,9.0,,22.77,,
2016,June,Sarawak,25.2,1010.7,24.17,94.0,5.47,,25.2,0.0,26.07,9.0,,34.53,,
2016,March,Sabah,25.26,1009.54,23.35,89.26,4.87,,25.26,0.0,26.29,8.97,,30.74,,
2016,March,Sarawak,26.57,1011.3,25.23,92.43,5.13,,26.57,0.0,29.53,8.97,,40.47,,
2016,May,Sabah,25.52,1007.7,24.35,93.19,3.74,,25.52,0.0,26.58,9.0,,24.77,,
2016,May,Sarawak,26.23,1009.14,25.45,95.45,4.03,,26.23,0.0,28.71,8.97,,36.74,,
2016,November,Sabah,24.83,1006.71,23.83,94.17,3.77,,24.83,0.0,25.27,9.0,,35.2,,
2016,November,Sarawak,25.43,1009.13,24.77,96.03,6.1,,25.43,0.0,26.57,8.3,,48.97,,
2016,October,Sabah,24.9,1007.09,23.87,93.84,2.77,,24.9,0.0,25.45,8.68,,37.42,,
2016,October,Sarawak,25.03,1009.4,23.87,93.35,5.42,,25.03,0.0,25.87,8.16,,47.06,,
2016,September,Sabah,24.93,1007.44,23.73,93.07,3.2,,24.93,0.0,25.5,8.9,,33.7,,
2016,September,Sarawak,24.87,1009.97,23.93,94.6,7.87,,24.87,0.0,25.47,8.67,,35.83,,
2017,January,Sabah,26.53,1005.33,24.37,88.26,4.88,,26.53,1.93,29.14,8.99,,39.87,,
2017,January,Sarawak,27.56,1006.75,24.89,86.14,7.15,,27.56,1.95,31.17,8.89,,52.58,,
2017,January,Terengganu,27.26,1006.44,25.1,88.38,8.32,30.0,27.26,3.44,30.87,7.75,,42.06,,
2017,July,Sabah,27.08,1007.38,23.92,83.56,6.23,,27.08,2.11,29.94,8.99,,16.02,,
2017,July,Sarawak,26.91,1009.64,24.2,85.98,7.73,,26.91,1.89,29.57,8.84,,19.25,,
2017,July,Terengganu,25.99,1008.58,23.65,87.7,5.6,57.0,26.01,2.1,28.17,8.96,,20.16,,
2017,June,Sabah,26.81,1006.98,24.04,85.42,6.15,,26.81,2.0,29.44,8.93,,20.05,,
2017,June,Sarawak,26.65,1009.16,24.58,89.12,6.31,,26.65,1.77,29.45,8.74,,20.78,,
2017,June,Terengganu,26.48,1007.99,23.72,85.69,5.32,57.0,26.48,2.05,28.75,8.92,,19.63,,
2017,October,Sabah,27.52,1004.89,23.93,81.52,6.38,,27.52,2.04,30.74,8.99,,13.38,,
2017,October,Sarawak,27.09,1007.42,24.69,87.58,7.3,,27.09,2.1,30.01,8.73,,19.15,,
2017,October,Terengganu,25.87,1006.94,23.93,89.81,3.88,35.0,25.87,2.06,27.83,8.87,,18.34,,
2017,September,Sabah,26.92,1007.26,24.32,86.14,5.39,,26.92,2.06,29.78,8.89,,14.48,,
2017,September,Sarawak,27.22,1008.97,24.71,87.01,7.1,,27.22,2.04,30.47,8.69,,27.16,,
2017,September,Terengganu,26.31,1008.37,23.91,87.49,5.42,37.0,26.31,2.0,28.54,8.91,,19.98,,
2018,April,Sabah,27.09,1006.93,24.84,88.06,5.41,,27.09,1.92,30.31,8.95,,17.35,,
2018,April,Sarawak,27.29,1008.14,25.11,88.57,7.36,36.0,27.29,1.94,30.81,8.77,,23.78,,
2018,April,Terengganu,27.42,1008.11,24.37,84.19,5.58,,27.42,2.24,30.68,8.95,,23.37,,
2018,August,Sabah,27.09,1006.37,23.91,83.44,6.9,43.0,27.09,2.0,29.87,8.92,,29.0,,
2018,August,Sarawak,27.78,1008.05,24.99,85.74,7.21,48.75,27.78,1.88,31.32,8.23,,51.32,,
2018,August,Terengganu,27.3,1007.5,24.9,87.23,6.86,40.0,27.3,1.9,30.95,8.76,,46.37,,
2018,December,Sabah,26.75,1006.24,24.16,86.23,5.43,,26.75,1.57,29.34,8.89,,26.04,,
2018,December,Sarawak,26.58,1008.49,24.76,90.33,7.03,36.5,26.58,1.62,29.29,8.65,,39.4,,
2018,December,Terengganu,26.28,1009.09,24.64,91.1,5.64,43.0,26.28,1.5,28.59,8.33,,38.14,,
2018,February,Sabah,26.88,1008.24,23.79,84.01,6.75,33.0,26.88,1.83,29.41,8.99,,16.35,,
2018,February,Sarawak,25.85,1010.94,24.06,90.31,7.54,31.0,25.85,1.77,27.77,8.49,,24.95,,
2018,February,Terengganu,25.41,1012.11,21.64,80.39,8.05,,25.41,1.86,26.68,8.86,,33.74,,
2018,January,Sabah,26.79,1005.18,24.63,88.54,5.19,,26.79,1.74,29.6,8.98,,14.49,,
2018,January,Sarawak,26.04,1006.64,24.45,91.48,6.8,,26.04,1.78,28.15,8.73,,18.09,,
2018,January,Terengganu,25.73,1007.58,23.86,89.88,6.21,,25.73,1.69,27.22,7.7,,17.57,,
2018,July,Sabah,27.11,1005.79,24.0,83.7,6.02,29.67,27.11,1.71,29.97,8.92,,16.59,,
2018,July,Sarawak,27.48,1007.78,25.04,87.41,6.59,44.5,27.48,1.64,30.86,8.58,,30.83,,
2018,July,Terengganu,27.36,1007.25,24.88,86.94,6.55,39.0,27.36,1.71,31.1,8.73,,29.82,,
2018,June,Sabah,27.51,1007.53,24.77,85.69,5.96,,27.51,1.65,31.07,8.95,,13.83,,
2018,June,Sarawak,27.34,1008.75,24.88,87.15,6.86,52.0,27.34,1.64,30.62,8.72,,23.4,,
2018,June,Terengganu,27.31,1007.96,24.47,85.24,4.97,44.0,27.31,1.61,30.65,8.82,,22.31,,
2018,March,Sabah,26.51,1006.93,24.31,88.29,5.16,,26.51,2.05,28.91,8.97,,15.71,,
2018,March,Sarawak,26.65,1008.95,25.38,93.02,6.93,,26.65,2.02,30.04,8.63,,24.05,,
2018,March,Terengganu,26.97,1008.95,24.1,84.94,4.89,,26.97,2.08,29.64,8.79,,38.63,,
2018,May,Sabah,27.78,1006.86,25.22,86.58,5.61,,27.78,1.65,31.69,8.98,,13.01,,
2018,May,Sarawak,27.47,1008.16,25.21,88.05,6.91,,27.47,1.67,31.19,8.76,,18.95,,
2018,May,Terengganu,27.67,1007.82,24.92,85.79,3.47,43.0,27.67,1.69,31.32,8.98,,18.52,,
2018,November,Sabah,27.01,1006.8,24.17,85.11,5.89,,27.01,1.71,29.77,8.92,,27.99,,
2018,November,Sarawak,26.87,1008.86,24.92,89.67,6.45,36.0,26.87,1.76,29.95,8.73,,43.46,,
2018,November,Terengganu,26.41,1008.93,24.58,90.15,4.61,,26.41,1.68,28.94,8.77,,41.57,,
2018,October,Sabah,27.25,1007.15,23.95,83.02,6.27,,27.25,2.0,30.07,8.97,,33.74,,
2018,October,Sarawak,26.78,1009.3,24.77,89.36,6.44,39.0,26.78,1.94,29.69,8.77,,45.94,,
2018,October,Terengganu,26.75,1009.23,24.22,86.74,5.09,43.0,26.75,1.9,29.31,8.76,,44.83,,
2018,September,Sabah,26.9,1006.6,23.76,83.6,5.88,52.0,26.9,1.96,29.43,8.92,,39.52,,
2018,September,Sarawak,26.64,1008.92,24.4,88.3,6.72,41.0,26.64,1.96,29.27,8.74,,50.71,,
2018,September,Terengganu,26.55,1008.55,24.19,87.56,5.27,56.0,26.55,1.96,29.17,8.83,,51.68,,
2019,April,Sabah,27.78,1006.76,24.44,82.83,6.81,,27.78,1.94,31.23,8.98,,33.92,,
2019,April,Sarawak,27.91,1008.53,25.31,86.49,7.04,,27.91,1.94,32.03,8.58,,54.37,,
2019,April,Terengganu,27.68,1008.28,25.13,86.77,5.04,24.0,27.86,1.94,31.73,8.73,,57.91,,
2019,August,Sabah,27.11,1006.89,24.1,84.23,7.91,33.0,27.11,1.91,29.99,8.81,,38.37,,
2019,August,Sarawak,27.8,1008.47,24.74,84.33,6.33,57.0,27.8,1.86,31.38,8.41,,62.29,,
2019,August,Terengganu,27.73,1008.23,25.14,86.3,6.98,33.0,27.73,1.88,31.97,4.97,,66.85,,
2019,December,Sabah,27.02,1007.2,24.39,86.21,5.51,,27.02,1.62,29.76,8.89,,26.93,,
2019,December,Sarawak,26.69,1007.47,24.78,89.75,6.34,33.0,26.69,1.7,29.58,8.54,,36.91,,
2019,December,Terengganu,26.58,1010.37,23.71,84.81,10.3,36.56,26.58,2.11,28.93,8.07,,43.57,,
2019,February,Sabah,27.09,1009.23,22.64,77.85,7.61,33.0,27.09,1.97,29.21,8.99,,33.23,,
2019,February,Sarawak,26.67,1010.62,24.67,89.35,6.55,,26.67,1.87,29.3,8.73,,49.46,,
2019,February,Terengganu,26.44,1011.43,23.77,85.91,6.59,,26.44,1.87,28.9,8.9,,50.21,,
2019,January,Sabah,26.73,1007.81,23.44,82.84,6.06,,26.73,1.67,29.03,8.93,,29.93,,
2019,January,Sarawak,26.86,1009.29,24.85,89.37,6.65,,26.86,1.73,29.8,8.74,,39.67,,
2019,January,Terengganu,26.58,1010.62,23.99,86.16,8.34,,26.58,1.65,29.01,8.85,,46.52,,
2019,July,Sabah,26.75,1007.21,23.94,85.35,6.61,,26.75,1.7,29.14,8.92,,34.53,,
2019,July,Sarawak,27.31,1008.67,24.46,85.27,6.56,32.5,27.31,1.68,30.51,8.8,,54.87,,
2019,July,Terengganu,27.54,1008.29,25.09,87.05,6.24,35.0,27.54,1.67,31.48,8.12,,57.4,,
2019,June,Sabah,27.32,1006.54,24.81,86.77,6.05,30.0,27.32,1.63,30.59,8.87,,26.17,,
2019,June,Sarawak,27.55,1008.32,25.23,87.76,6.45,,27.55,1.65,31.33,8.82,,41.63,,
2019,June,Terengganu,27.8,1007.71,25.33,87.0,5.59,35.0,27.8,1.6,32.12,8.57,,53.07,,
2019,March,Sabah,27.42,1007.77,23.23,79.04,7.61,41.0,27.42,2.06,29.97,8.97,,37.08,,
2019,March,Sarawak,27.12,1009.84,24.58,86.81,7.09,,27.12,2.01,30.15,8.81,,52.97,,
2019,March,Terengganu,26.94,1009.98,24.17,85.62,5.2,,26.94,2.01,30.15,8.86,,56.9,,
2019,May,Sabah,27.8,1007.01,24.72,84.16,6.17,,27.8,1.81,31.38,8.96,,29.17,,
2019,May,Sarawak,27.8,1008.76,25.18,86.43,6.23,,27.8,1.66,31.76,8.83,,52.9,,
2019,May,Terengganu,28.03,1008.08,25.66,87.53,4.8,,28.03,1.68,32.62,8.79,,53.38,,
2019,November,Sabah,27.45,1006.81,24.25,83.62,6.61,43.0,27.45,1.8,30.55,8.97,,35.43,,
2019,November,Sarawak,27.28,1008.95,24.76,86.69,6.38,,27.28,1.85,30.71,8.77,,48.51,,
2019,November,Terengganu,26.91,1008.96,24.63,87.81,6.53,36.33,26.91,1.97,29.91,8.63,,41.98,,
2019,October,Sabah,27.2,1006.76,24.0,83.67,6.41,,27.2,1.98,29.88,8.95,,34.47,,
2019,October,Sarawak,26.64,1008.99,24.34,87.88,6.52,,26.64,1.96,29.31,8.78,,43.08,,
2019,October,Terengganu,27.08,1008.67,24.84,88.07,4.95,,27.08,1.93,30.39,8.61,,45.0,,
2019,September,Sabah,27.42,1007.85,24.03,82.65,7.56,33.0,27.42,2.02,30.39,8.01,,59.55,,
2019,September,Sarawak,27.89,1009.44,24.99,85.07,6.78,31.0,27.89,1.96,31.67,6.15,,80.05,,
2019,September,Terengganu,27.27,1009.43,24.87,87.24,5.76,35.0,27.27,1.91,30.76,4.84,,79.67,,
2020,April,Sabah,27.71,1008.0,24.79,84.99,6.86,,27.71,3.1,31.31,8.98,,30.7,,
2020,April,Sarawak,27.88,1007.11,25.64,88.16,6.7,,27.88,2.02,32.27,8.93,,44.06,,
2020,April,Terengganu,27.71,1009.22,25.27,87.16,5.01,,27.71,2.74,31.81,8.59,,44.76,,
2020,August,Sabah,27.15,1006.81,24.47,85.97,6.01,50.0,27.15,3.08,30.25,8.94,,28.04,,
2020,August,Sarawak,27.66,1005.95,24.93,85.79,6.51,43.0,27.66,2.78,31.26,8.85,,42.65,,
2020,August,Terengganu,27.74,1007.36,24.93,85.35,6.02,37.5,27.74,2.82,31.78,8.75,,46.92,,
2020,December,Sabah,26.65,1005.9,24.24,87.22,4.34,,26.65,2.49,29.17,8.95,,28.03,,
2020,December,Sarawak,26.78,1005.42,24.83,89.51,6.3,44.0,26.78,2.28,29.7,8.78,,33.03,,
2020,December,Terengganu,26.36,1008.56,24.13,88.09,6.9,34.88,26.36,2.14,28.58,7.84,,36.16,,
2020,February,Sabah,27.43,1008.91,23.53,80.38,7.88,,27.43,2.19,30.12,8.92,,28.52,,
2020,February,Sarawak,26.85,1008.18,24.59,87.87,7.22,,26.85,1.99,29.77,8.6,,49.89,,
2020,February,Terengganu,27.01,1011.42,23.77,83.07,10.37,39.0,27.01,2.58,29.72,8.54,,49.33,,
2020,January,Sabah,27.11,1007.94,24.37,85.73,6.24,,27.11,1.76,30.02,8.95,,29.81,,
2020,January,Sarawak,27.13,1007.15,25.07,88.91,6.64,,27.13,1.81,30.74,8.75,,41.02,,
2020,January,Terengganu,26.74,1010.67,23.95,85.14,9.04,39.0,26.74,2.3,29.38,8.48,,45.07,,
2020,July,Sabah,27.05,1006.4,24.56,86.83,5.18,,27.05,2.67,30.15,8.9,,30.35,,
2020,July,Sarawak,27.29,1005.56,25.05,88.16,6.41,,27.29,2.31,30.83,8.69,,34.14,,
2020,July,Terengganu,27.28,1007.2,24.92,87.5,5.06,31.0,27.28,2.42,30.92,8.83,,48.4,,
2020,June,Sabah,27.12,1007.08,24.83,87.93,5.12,28.0,27.12,2.48,30.28,8.88,,29.34,,
2020,June,Sarawak,27.31,1006.36,25.09,88.28,6.34,,27.31,1.88,30.8,8.71,,34.36,,
2020,June,Terengganu,27.63,1007.66,25.22,87.23,5.49,54.0,27.63,2.37,31.73,8.85,,48.7,,
2020,March,Sabah,27.65,1008.1,24.23,82.62,7.23,28.5,27.65,3.12,30.79,8.96,,28.44,,
2020,March,Sarawak,27.39,1007.33,25.07,87.71,6.54,,27.39,2.06,30.95,8.73,,47.09,,
2020,March,Terengganu,27.13,1009.62,24.33,85.46,5.67,,27.13,2.89,30.3,8.89,,51.0,,
2020,May,Sabah,28.32,1006.95,25.49,85.32,6.2,37.0,28.32,2.64,33.05,8.98,,25.54,,
2020,May,Sarawak,28.02,1006.15,26.15,89.93,6.03,41.0,28.02,1.72,32.24,8.76,,37.81,,
2020,May,Terengganu,28.58,1007.58,26.17,87.4,4.47,,28.58,2.44,34.13,8.86,,43.02,,
2020,November,Sabah,26.96,1007.64,24.53,87.14,5.04,44.0,26.96,2.93,29.76,8.8,,23.4,,
2020,November,Sarawak,26.93,1007.23,24.47,87.19,7.2,,26.93,2.7,29.54,8.6,,31.46,,
2020,November,Terengganu,26.47,1009.67,24.7,90.49,4.56,,26.47,2.43,28.73,7.26,,29.27,,
2020,October,Sabah,26.8,1006.02,24.57,88.16,4.61,35.0,26.8,3.08,29.58,8.9,,21.34,,
2020,October,Sarawak,27.02,1005.67,24.6,87.27,6.81,37.0,27.02,2.92,30.09,8.74,,42.1,,
2020,October,Terengganu,27.19,1007.16,24.97,88.22,4.24,40.0,27.19,2.85,30.78,8.49,,45.62,,
2020,September,Sabah,27.06,1006.85,24.44,86.3,5.68,43.0,27.06,3.09,30.05,8.87,,22.02,,
2020,September,Sarawak,27.18,1006.14,24.9,87.93,6.83,48.0,27.18,2.89,30.51,8.76,,40.56,,
2020,September,Terengganu,27.64,1007.68,24.76,85.02,5.44,,27.64,2.92,31.21,8.52,,47.84,,
2021,April,Sabah,26.8,1007.35,24.34,87.0,4.55,,26.8,3.13,29.52,8.89,,30.96,,
2021,April,Sarawak,27.64,1006.77,24.4,83.59,6.62,,27.64,2.83,30.79,8.93,,49.87,,
2021,April,Terengganu,27.41,1008.69,24.85,86.67,4.49,27.5,27.41,2.73,30.93,8.61,,40.1,,
2021,August,Sabah,27.03,1007.59,24.44,86.38,5.59,,27.03,3.06,30.07,8.96,,25.49,,
2021,August,Sarawak,26.89,1006.82,24.29,86.56,6.19,,26.89,2.74,29.48,8.87,,41.05,,
2021,August,Terengganu,27.11,1008.48,24.68,87.24,3.58,35.5,27.11,2.88,30.22,8.77,,45.87,,
2021,December,Sabah,26.92,1007.2,24.25,85.84,4.78,28.0,26.92,2.46,29.7,8.93,,43.12,,
2021,December,Sarawak,26.82,1006.96,23.84,84.5,5.81,,26.82,2.37,29.32,8.87,,40.6,,
2021,December,Terengganu,26.3,1009.88,23.75,86.5,7.41,39.29,26.3,2.13,28.27,7.94,,35.61,,
2021,February,Sabah,26.78,1006.85,23.73,84.09,5.24,,26.78,2.99,29.13,8.96,,31.58,,
2021,February,Sarawak,26.39,1006.96,23.97,87.29,6.48,,26.38,2.8,28.72,8.84,,44.24,,
2021,February,Terengganu,26.13,1010.0,22.79,82.53,7.99,33.0,26.13,2.7,27.95,8.26,,47.89,,
2021,January,Sabah,26.02,1006.48,24.16,89.92,3.33,,26.02,2.46,28.0,8.98,,24.51,,
2021,January,Sarawak,26.61,1005.5,24.58,89.16,5.52,,26.61,2.53,29.57,9.0,,26.8,,
2021,January,Terengganu,25.18,1009.02,23.51,90.77,12.11,40.42,25.18,2.13,26.47,4.48,,17.86,,
2021,July,Sabah,27.14,1006.66,24.73,87.17,5.76,,27.14,2.69,30.68,8.9,,26.24,,
2021,July,Sarawak,27.61,1005.82,24.65,84.87,6.0,46.0,27.61,2.45,30.95,8.89,,50.86,,
2021,July,Terengganu,27.55,1007.6,24.87,86.01,4.08,39.5,27.55,2.62,31.41,8.76,,53.73,,
2021,June,Sabah,27.09,1007.8,24.59,86.76,4.79,,27.09,2.54,30.27,8.95,,29.89,,
2021,June,Sarawak,27.65,1006.78,24.7,84.91,6.13,,27.65,2.36,31.07,8.91,,45.16,,
2021,June,Terengganu,27.58,1008.35,24.7,85.08,4.47,38.2,27.58,2.45,31.26,8.9,,44.99,,
2021,March,Sabah,26.84,1007.09,24.08,85.52,5.14,,26.84,3.11,29.5,8.97,,31.82,,
2021,March,Sarawak,27.07,1006.41,24.52,86.66,6.57,,27.07,2.88,30.08,8.92,,42.35,,
2021,March,Terengganu,27.01,1009.03,24.03,84.5,6.63,38.75,27.01,2.72,29.72,8.36,,36.16,,
2021,May,Sabah,27.13,1006.64,24.92,88.21,4.58,26.0,27.13,2.64,30.38,8.93,,26.63,,
2021,May,Sarawak,27.71,1005.53,24.97,86.03,6.1,,27.71,2.45,31.39,8.88,,43.67,,
2021,May,Terengganu,27.81,1007.25,25.32,86.93,4.62,39.4,27.81,2.46,32.02,8.84,,37.77,,
2021,November,Sabah,26.78,1006.01,24.51,87.95,4.35,39.0,26.78,2.69,29.56,8.9,,27.12,,
2021,November,Sarawak,26.89,1005.76,24.39,86.99,5.73,,26.89,2.62,29.66,8.85,,35.52,,
2021,November,Terengganu,26.76,1007.39,24.65,88.76,3.12,33.88,26.76,2.4,29.46,8.62,,30.1,,
2021,October,Sabah,27.37,1006.54,24.83,86.6,5.31,,27.37,3.05,30.91,8.92,,29.32,,
2021,October,Sarawak,27.38,1006.32,24.79,86.63,6.2,44.0,27.38,2.92,30.65,8.86,,43.33,,
2021,October,Terengganu,27.53,1007.89,24.74,85.46,3.53,39.43,27.53,2.91,31.23,8.9,,44.24,,
2021,September,Sabah,26.88,1007.01,24.31,86.41,5.03,43.0,26.88,3.08,29.67,8.93,,25.89,,
2021,September,Sarawak,26.82,1006.34,24.12,86.14,6.3,,26.82,2.93,29.33,8.89,,41.46,,
2021,September,Terengganu,27.22,1007.95,24.59,86.27,3.43,43.0,27.22,2.82,30.24,8.84,,45.95,,
2022,April,Sabah,26.91,1006.05,24.43,86.89,4.72,38.0,26.91,3.01,29.65,8.91,,43.64,,
2022,April,Sarawak,27.01,1005.91,24.83,88.61,6.57,,27.01,2.69,29.99,8.85,,47.19,,
2022,April,Terengganu,27.63,1007.66,24.9,85.78,3.64,33.15,27.63,2.61,31.26,8.89,,40.63,,
2022,August,Sabah,27.15,1006.85,24.01,83.71,5.49,,27.15,2.97,29.87,8.95,,42.06,,
2022,August,Sarawak,27.15,1005.65,24.43,85.87,6.52,,27.15,2.66,30.16,8.8,,43.94,,
2022,August,Terengganu,27.16,1007.35,24.36,85.36,3.29,34.19,27.16,2.74,30.15,8.85,,46.75,,
2022,December,Sabah,26.64,1005.51,24.3,87.62,4.05,,26.64,2.33,29.12,8.92,,42.11,,
2022,December,Sarawak,26.09,1005.89,24.36,90.74,6.05,,26.09,2.24,28.27,8.75,,46.92,,
2022,December,Terengganu,25.55,1008.52,23.64,89.77,5.34,35.5,25.55,2.03,26.93,8.32,,32.48,,
2022,February,Sabah,26.74,1006.99,23.5,83.16,5.07,31.0,26.74,2.86,29.05,8.87,,45.2,,
2022,February,Sarawak,26.66,1006.3,24.41,88.19,6.36,,26.66,2.82,29.46,8.82,,43.61,,
2022,February,Terengganu,26.25,1008.76,24.0,87.92,7.21,37.54,26.25,2.54,28.34,8.08,,28.15,,
2022,January,Sabah,26.38,1007.52,23.49,84.77,4.59,44.0,26.38,2.61,28.47,8.96,,47.44,,
2022,January,Sarawak,26.25,1007.11,23.41,84.96,5.85,36.0,26.25,2.44,28.24,8.75,,44.12,,
2022,January,Terengganu,26.43,1010.27,22.85,81.56,8.44,36.33,26.43,2.35,28.31,8.62,,40.95,,
2022,July,Sabah,26.89,1006.5,24.32,86.41,4.91,,26.89,2.48,29.67,8.93,,40.4,,
2022,July,Sarawak,27.23,1005.4,24.22,84.54,6.12,51.5,27.23,2.35,30.15,8.85,,49.28,,
2022,July,Terengganu,27.51,1006.62,24.91,86.43,3.85,35.67,27.51,2.35,31.16,8.79,,55.75,,
2022,June,Sabah,27.02,1006.8,24.24,85.39,4.92,,27.02,2.48,29.92,8.94,,46.54,,
2022,June,Sarawak,26.97,1005.87,24.22,85.8,5.85,,26.97,2.22,29.55,8.86,,46.22,,
2022,June,Terengganu,27.37,1007.39,24.64,85.87,2.92,34.22,27.37,2.29,30.66,8.88,,49.59,,
2022,March,Sabah,27.05,1006.21,24.2,85.09,4.88,,27.05,3.12,29.89,8.92,,43.24,,
2022,March,Sarawak,27.11,1005.9,24.72,87.58,6.02,,27.11,2.96,30.23,8.84,,46.35,,
2022,March,Terengganu,27.21,1007.94,24.48,85.72,5.41,33.75,27.21,2.72,30.21,8.81,,37.71,,
2022,May,Sabah,26.82,1006.45,24.58,87.97,4.13,34.0,26.82,2.55,29.64,8.9,,43.06,,
2022,May,Sarawak,27.84,1005.59,24.78,84.44,5.73,,27.84,2.41,31.39,8.88,,45.1,,
2022,May,Terengganu,27.82,1006.98,25.35,87.0,3.75,34.93,27.82,2.37,32.07,8.9,,45.25,,
2022,November,Sabah,26.57,1006.82,24.49,88.89,3.92,33.0,26.57,2.56,29.18,8.88,,41.99,,
2022,November,Sarawak,26.74,1006.41,24.66,89.13,5.72,33.0,26.74,2.52,29.51,8.78,,46.8,,
2022,November,Terengganu,26.85,1008.11,24.61,88.11,2.95,,26.85,2.33,29.5,8.82,,36.8,,
2022,October,Sabah,26.92,1006.71,24.45,86.9,4.71,33.5,26.92,2.94,29.78,8.89,,39.09,,
2022,October,Sarawak,26.64,1006.46,24.59,89.19,6.65,40.0,26.64,2.77,29.26,8.8,,41.72,,
2022,October,Terengganu,26.54,1008.5,24.35,88.4,2.63,,26.54,2.69,28.81,8.86,,38.24,,
2022,September,Sabah,27.05,1007.57,24.02,84.33,5.14,,27.05,3.01,29.75,8.91,,39.7,,
2022,September,Sarawak,26.71,1006.76,24.19,86.83,6.29,,26.71,2.8,29.3,8.85,,45.77,,
2022,September,Terengganu,27.2,1008.23,24.29,84.98,2.93,33.67,27.2,2.76,30.11,8.88,,48.99,,
2023,April,Sabah,27.4,1006.69,24.59,85.22,4.99,,27.4,2.92,30.87,8.94,,47.7,,
2023,April,Sarawak,27.32,1006.32,24.5,85.48,5.94,,27.32,2.74,30.54,8.79,,62.41,,
2023,April,Terengganu,28.05,1007.71,24.97,84.33,3.6,,28.05,2.67,32.11,8.82,,61.98,,
2023,August,Sabah,27.73,1008.04,24.4,82.84,5.47,,27.73,2.94,31.22,8.96,,50.8,,
2023,August,Sarawak,27.46,1007.92,24.53,84.95,5.88,,27.46,2.73,30.77,8.91,,58.85,,
2023,August,Terengganu,27.44,1009.07,24.81,86.2,4.32,32.8,27.44,2.73,30.92,8.91,,54.53,,
2023,December,Sabah,27.42,1007.71,25.05,87.48,4.6,35.0,27.42,2.31,31.06,8.94,,46.27,,
2023,December,Sarawak,27.26,1007.0,25.18,88.96,5.43,,27.26,2.26,30.73,8.78,,40.41,,
2023,December,Terengganu,26.77,1009.81,24.93,90.0,6.07,36.08,26.77,2.0,29.67,8.14,,36.31,,
2023,February,Sabah,26.67,1007.08,24.04,86.24,4.73,35.0,26.67,2.77,29.09,8.94,,46.75,,
2023,February,Sarawak,26.24,1006.63,24.01,88.12,5.97,31.0,26.24,2.66,28.33,8.78,,53.82,,
2023,February,Terengganu,26.47,1010.01,23.55,84.64,8.61,36.4,26.47,2.44,28.47,8.77,,40.32,,
2023,January,Sabah,26.26,1006.67,24.05,88.25,4.52,46.0,26.26,2.53,28.47,8.84,,43.58,,
2023,January,Sarawak,26.32,1006.37,24.27,89.18,5.42,,26.32,2.42,28.6,8.77,,46.81,,
2023,January,Terengganu,26.08,1009.71,23.57,86.64,8.61,36.93,26.08,2.22,27.9,8.5,,40.3,,
2023,July,Sabah,27.41,1007.43,24.72,85.75,5.4,46.0,27.41,2.6,30.96,8.93,,46.43,,
2023,July,Sarawak,27.45,1007.38,24.59,85.39,6.05,40.5,27.45,2.43,30.71,8.9,,54.22,,
2023,July,Terengganu,27.68,1008.28,25.09,86.32,3.82,30.75,27.68,2.46,31.75,8.93,,51.54,,
2023,June,Sabah,27.74,1007.35,24.64,83.83,5.02,,27.74,2.47,31.44,8.96,,44.84,,
2023,June,Sarawak,27.51,1007.06,24.73,85.67,6.05,,27.51,2.28,30.84,8.94,,55.06,,
2023,June,Terengganu,27.54,1007.98,25.06,86.97,3.64,32.25,27.54,2.31,31.43,8.85,,54.03,,
2023,March,Sabah,27.19,1007.93,23.78,82.37,5.63,,27.19,2.95,29.98,8.97,,51.1,,
2023,March,Sarawak,26.68,1007.58,24.08,86.35,6.51,,26.68,2.82,29.09,8.88,,52.34,,
2023,March,Terengganu,26.85,1010.26,23.63,83.13,7.36,37.89,26.85,2.64,29.32,8.93,,49.24,,
2023,May,Sabah,27.82,1007.45,25.0,85.19,4.92,42.5,27.82,2.61,31.91,8.94,,38.28,,
2023,May,Sarawak,27.89,1007.23,25.12,85.78,6.28,,27.89,2.4,31.77,8.9,,59.19,,
2023,May,Terengganu,28.23,1008.13,25.46,85.68,3.73,33.0,28.23,2.38,32.93,8.96,,52.69,,
2023,November,Sabah,27.32,1007.23,24.84,87.04,4.55,,27.32,2.49,30.69,8.96,,46.3,,
2023,November,Sarawak,27.28,1007.01,25.04,88.13,5.91,,27.28,2.46,30.73,8.9,,42.94,,
2023,November,Terengganu,26.71,1009.04,24.67,89.17,3.38,35.0,26.71,2.36,29.32,8.41,,33.0,,
2023,October,Sabah,27.8,1008.52,24.51,83.15,5.56,,27.8,2.98,31.35,8.69,,58.3,,
2023,October,Sarawak,27.45,1008.48,25.06,87.46,5.63,,27.45,2.87,31.1,8.76,,54.94,,
2023,October,Terengganu,27.88,1009.7,25.0,85.06,2.77,29.5,27.88,2.76,31.79,8.73,,61.56,,
2023,September,Sabah,27.63,1007.5,24.19,82.3,5.99,,27.63,2.99,30.85,8.85,,51.48,,
2023,September,Sarawak,27.08,1007.34,24.47,86.48,5.93,43.0,27.08,2.82,29.94,8.85,,61.47,,
2023,September,Terengganu,27.87,1008.46,24.92,84.66,3.88,32.4,27.87,3.21,31.72,8.93,,61.09,,
2024,April,Sabah,27.87,1007.02,25.2,86.0,5.28,,27.87,2.85,31.91,8.93,,47.99,,
2024,April,Sarawak,28.15,1005.58,25.59,86.67,5.38,,28.15,2.65,32.67,8.88,,46.64,,
2024,April,Terengganu,28.21,1007.24,24.93,83.3,3.68,,28.21,2.65,32.35,8.97,,54.0,,
2024,August,Sabah,27.41,1007.8,24.65,85.54,5.28,33.0,27.41,2.84,30.7,8.92,,46.68,,
2024,August,Sarawak,27.13,1006.82,24.77,87.75,5.73,,27.13,2.64,30.14,8.84,,41.93,,
2024,August,Terengganu,27.29,1008.33,24.09,83.53,5.2,36.9,27.29,2.79,30.2,8.98,,52.51,,
2024,February,Sabah,27.47,1009.73,24.29,83.59,5.94,,27.47,2.65,30.6,8.94,,54.25,,
2024,February,Sarawak,27.38,1008.53,24.61,85.36,5.37,,27.38,2.61,30.71,8.92,,53.46,,
2024,February,Terengganu,27.54,1011.62,23.97,81.48,6.35,36.75,27.54,2.49,30.61,8.91,,53.8,,
2024,January,Sabah,27.49,1008.75,24.43,84.06,5.27,,27.49,2.39,30.83,8.96,,50.79,,
2024,January,Sarawak,27.09,1007.92,24.81,87.96,5.28,52.0,27.09,2.32,30.31,8.79,,46.92,,
2024,January,Terengganu,26.98,1011.13,24.47,86.58,8.4,36.69,26.98,2.14,29.89,8.59,,42.43,,
2024,July,Sabah,27.17,1007.39,24.88,87.77,4.91,,27.17,2.47,30.44,8.89,,44.77,,
2024,July,Sarawak,27.55,1006.04,24.97,86.72,5.45,44.5,27.55,2.42,30.91,8.88,,50.46,,
2024,July,Terengganu,27.67,1007.36,24.76,84.75,4.58,32.8,27.67,2.38,31.5,8.84,,59.61,,
2024,June,Sabah,27.36,1008.0,24.98,87.37,4.61,,27.36,2.39,30.83,8.94,,39.66,,
2024,June,Sarawak,27.35,1006.75,25.01,87.86,5.12,,27.35,2.29,30.75,8.78,,44.52,,
2024,June,Terengganu,27.47,1008.15,24.5,84.6,3.71,31.4,27.47,2.39,30.8,8.99,,50.32,,
2024,March,Sabah,27.95,1008.69,24.23,81.27,6.12,,27.95,2.96,31.36,8.97,,49.97,,
2024,March,Sarawak,27.69,1007.47,25.07,86.1,6.15,,27.69,2.81,31.67,8.88,,54.52,,
2024,March,Terengganu,27.63,1010.13,24.17,82.25,4.67,33.0,27.63,2.7,30.89,8.95,,54.89,,
2024,May,Sabah,28.4,1006.78,25.55,85.18,5.49,28.0,28.4,2.51,33.22,8.94,,41.67,,
2024,May,Sarawak,28.01,1005.45,25.66,87.84,5.36,,28.01,2.35,32.33,8.82,,44.78,,
2024,May,Terengganu,28.37,1006.89,25.19,83.77,3.77,37.0,28.37,2.36,32.87,8.98,,50.32,,
